159684,-394568,459584,-246934,-291162
159792,-395423,461773,-248213,-290131
159900,-396692,462574,-249226,-289666
160008,-396775,462931,-249191,-289779
160116,-396828,463064,-249080,-289982
160224,-397605,463711,-249691,-289705
160332,-398548,464778,-250694,-289102
160440,-398987,465579,-251373,-288417
160548,-398768,465268,-250646,-288374
160656,-397459,463811,-249235,-289137
160764,-395546,461982,-247596,-290454
160872,-394083,460411,-246579,-292337
160980,-393694,459660,-246222,-292338
161088,-394137,459693,-246519,-291687
161196,-394880,460794,-247194,-290836
161304,-395859,460907,-247719,-290427
161412,-395668,460658,-247780,-290458
161520,-395237,460221,-247275,-291079
161628,-394952,459964,-246702,-291724
161736,-395025,460033,-246583,-291801
161844,-395340,460478,-247550,-291462
161952,-395731,460857,-248071,-290953
162060,-395822,461046,-247996,-290758
162168,-395653,460995,-247729,-291113
162276,-395478,460878,-247968,-291234
162384,-395653,461057,-248573,-290825
162492,-396260,461812,-249234,-290060
162600,-397609,463365,-249909,-289461
162708,-397610,463620,-250426,-289360
162816,-397425,463307,-250375,-289621
162924,-396808,462630,-249900,-290026
163032,-396115,461959,-249339,-290565
163140,-395648,461532,-248812,-290936
163248,-395471,461291,-248103,-291179
163356,-395476,461104,-247774,-291322
163464,-395309,460839,-247339,-291629
163572,-395206,460566,-246914,-291938
163680,-395023,460187,-246557,-292309
163788,-394792,459998,-246396,-292422
163896,-395159,460051,-246499,-292205
164004,-395722,460616,-246956,-291898
164112,-396161,461171,-247331,-291463
164220,-396470,461732,-247788,-291180
164328,-396997,462711,-248321,-290775
164436,-398088,464544,-249118,-289880
164544,-399833,467415,-252845,-288707
164652,-401962,470672,-254302,-287358
164760,-402975,472291,-254535,-287979
164868,-402862,472894,-254622,-289168
164976,-402843,473515,-254741,-290173
165084,-403070,473324,-254768,-290228
165192,-402549,473603,-254063,-288913
165300,-396406,475768,-250128,-287958
165408,-389109,470545,-242521,-289209
165516,-387122,471058,-237020,-289252
165624,-388085,476415,-239257,-288319
165732,-388426,501632,-246690,-286982
165840,-379163,510331,-253399,-287973
165948,-380794,484498,-254570,-293338
166056,-391009,474969,-254463,-294115
166164,-397766,465218,-254378,-293980
166272,-400619,469257,-254447,-294003
166380,-402122,481982,-254478,-294016
166488,-403107,487173,-254495,-293979
166596,-403138,486654,-254572,-294068
166704,-400413,489121,-254539,-293985
166812,-388104,501998,-254590,-293968
166920,-389299,492243,-254609,-294091
167028,-391164,480486,-254626,-294090
167136,-397747,479889,-254625,-294025
167244,-401752,486732,-254550,-293964
167352,-402847,484605,-249531,-293991
167460,-403056,492860,-244900,-294020
167568,-403085,484951,-251417,-293943
167676,-403092,481404,-252558,-293954
167784,-403041,476903,-254517,-293985
167892,-403166,475548,-254574,-294082
168000,-403077,482545,-254429,-294157
168108,-402994,487312,-254508,-294092
168216,-399677,488171,-254589,-294003
168324,-393252,496366,-254578,-294000
168432,-395989,485231,-254603,-293905
168540,-391808,471136,-254570,-293924
168648,-397361,469663,-254621,-293943
168756,-402480,488420,-254662,-293860
168864,-402409,489927,-254675,-293915
168972,-402942,501600,-254092,-294028
169080,-403155,501209,-247843,-293997
169188,-403174,489696,-248484,-294114
169296,-403195,474819,-254107,-293985
169404,-403156,474434,-254498,-293984
169512,-403157,474089,-254611,-293947
169620,-403162,481942,-254668,-293992
169728,-403083,492193,-254691,-293945
169836,-399070,492974,-254572,-293916
169944,-391763,485179,-254543,-294037
170052,-388656,480466,-254560,-294090
170160,-387939,476215,-254525,-293967
170268,-399680,477952,-254544,-294026
170376,-402927,478647,-254619,-294005
170484,-403042,483424,-254436,-294008
170592,-403173,485699,-253311,-294045
170700,-403188,480982,-247524,-293956
170808,-403041,477859,-251553,-294075
170916,-403024,481040,-254444,-294092
171024,-403205,482365,-254561,-293985
171132,-403280,488118,-254622,-293984
171240,-403199,497527,-254593,-294025
171348,-402976,511164,-254498,-294130
171456,-398149,499355,-254517,-294141
171564,-395552,486506,-254544,-294034
171672,-402189,488271,-254535,-294055
171780,-403100,490240,-254664,-294034
171888,-403115,488787,-254727,-294085
171996,-403080,476730,-254598,-294080
172104,-403143,476609,-254531,-294103
172212,-403116,476952,-254468,-294126
172320,-403095,489687,-254441,-294089
172428,-403150,489918,-254292,-294096
172536,-403165,480933,-253891,-293989
172644,-403156,477596,-249172,-294002
172752,-403079,476519,-250953,-294119
172860,-403110,479128,-253480,-294096
172968,-403227,482417,-252533,-293967
173076,-403156,480118,-250392,-293960
173184,-403179,478019,-250345,-294085
173292,-403138,479480,-252130,-294128
173400,-403149,477153,-254205,-294051
173508,-403258,475030,-254522,-294100
173616,-403235,480835,-254555,-294083
173724,-403040,487984,-254588,-294024
173832,-402899,491769,-254591,-293977
173940,-397044,492742,-254496,-294142
174048,-380603,483199,-254523,-294229
174156,-369710,470656,-254518,-294070
174264,-394137,481507,-254535,-294095
174372,-403084,488742,-254436,-294098
174480,-403203,489147,-254405,-293997
174588,-403202,484864,-254148,-294020
174696,-403121,481697,-251619,-294067
174804,-403116,482460,-252316,-294024
174912,-403067,480111,-254331,-293959
175020,-402188,484210,-254422,-293928
175128,-396731,482081,-254483,-293941
175236,-399672,483040,-254536,-293998
175344,-402979,481579,-254569,-293969
175452,-403114,480114,-254532,-293998
175560,-403159,481345,-254651,-294093
175668,-403210,481068,-254566,-294056
175776,-403201,481477,-254281,-294029
175884,-403076,487076,-248738,-293968
175992,-403041,491003,-247961,-293945
176100,-403124,487034,-251942,-294026
176208,-403153,487607,-252127,-294057
176316,-403130,493010,-254170,-293976
176424,-402743,501359,-254315,-294023
176532,-392762,499426,-254336,-293998
176640,-389593,498751,-254445,-293983
176748,-395096,499172,-254576,-294010
176856,-398225,492283,-254493,-293985
176964,-401852,494078,-254294,-294042
177072,-403127,504323,-247523,-293971
177180,-403200,494680,-240748,-293942
177288,-403225,479417,-249247,-293877
177396,-403132,476280,-253788,-293950
177504,-403169,470573,-254435,-294033
177612,-403236,471204,-254552,-294086
177720,-403333,476449,-254565,-294025
177828,-403188,492018,-254594,-294032
177936,-400145,492285,-254539,-293915
178044,-390612,488800,-254540,-293922
178152,-393613,488353,-254599,-293975
178260,-379672,479878,-254522,-293982
178368,-400147,468569,-254467,-294033
178476,-403298,477298,-254430,-293952
178584,-403133,481787,-254489,-293973
178692,-403140,489294,-254462,-294036
178800,-403099,485429,-254229,-294081
178908,-403206,476204,-253306,-294060
179016,-403277,468109,-253333,-294005
179124,-403294,472454,-254276,-294186
179232,-403257,475737,-254535,-294099
179340,-403194,476338,-254594,-293980
179448,-403191,477153,-254473,-293895
179556,-402982,477416,-254530,-294044
179664,-402939,480155,-254569,-294075
179772,-403020,479784,-254654,-294094
179880,-402965,479051,-254517,-294015
179988,-403074,479978,-254488,-294092
180096,-403207,478385,-254555,-294173
180204,-403166,474840,-254600,-294078
180312,-403143,474283,-254599,-294073
180420,-403154,479346,-254250,-294050
180528,-403231,483179,-248001,-294041
180636,-403196,486150,-246136,-293944
180744,-403197,486663,-253773,-293979
180852,-403144,479258,-254024,-294050
180960,-403159,482121,-249521,-294071
181068,-403244,486126,-248100,-294178
181176,-403133,484327,-251795,-294041
181284,-403094,478598,-253990,-294052
181392,-403161,478433,-254219,-294057
181500,-403148,478146,-254390,-293986
181608,-403209,477795,-254569,-294047
181716,-403236,475664,-254530,-294244
181824,-403137,476347,-254599,-294115
181932,-403100,480436,-254614,-294074
182040,-402775,486069,-254565,-293987
182148,-398920,484070,-254524,-294128
182256,-402879,480797,-254427,-294177
182364,-403122,474504,-254416,-294168
182472,-403111,468849,-254529,-294129
182580,-403200,468628,-254540,-294118
182688,-403239,472279,-254561,-294165
182796,-403184,479426,-254520,-294098
182904,-403205,489175,-253855,-294111
183012,-403268,488846,-249216,-294112
183120,-403189,479539,-251377,-294095
183228,-403198,474348,-254336,-294086
183336,-403191,471917,-254441,-294059
183444,-403212,474862,-254530,-294062
183552,-403217,476883,-254429,-294047
183660,-403172,474934,-254540,-294024
183768,-403075,476245,-254543,-294045
183876,-403096,478916,-254484,-294060
183984,-403123,476597,-254511,-294065
184092,-403072,474142,-254560,-293954
184200,-403027,476603,-254567,-293915
184308,-402760,480948,-254508,-294082
184416,-402773,486637,-254541,-294069
184524,-403050,494606,-254566,-294070
184632,-403033,501463,-252479,-294111
184740,-403162,484736,-240874,-294086
184848,-403163,480757,-248405,-294011
184956,-403142,469924,-254488,-293896
185064,-403245,467635,-254613,-293871
185172,-403232,470542,-254570,-294016
185280,-403165,478493,-254551,-294081
185388,-402946,481792,-254676,-294024
185496,-399273,484263,-254561,-293989
185604,-395970,484042,-254494,-294030
185712,-399697,479265,-254569,-294035
185820,-398044,471188,-254588,-293972
185928,-401993,470149,-254555,-293993
186036,-403104,473440,-254550,-293928
186144,-403157,483019,-254445,-294017
186252,-403116,478716,-245300,-294104
186360,-403143,474725,-252055,-293981
186468,-403162,471076,-252860,-293966
186576,-403125,466771,-254559,-293967
186684,-403232,470572,-254582,-293934
186792,-403279,474079,-254511,-293907
186900,-401890,474594,-254584,-293870
187008,-394405,474547,-254527,-293989
187116,-399108,477472,-254376,-293996
187224,-401547,476253,-254445,-294093
187332,-399356,470836,-254448,-294064
187440,-391315,475795,-254581,-293981
187548,-389232,490350,-254676,-293972
187656,-396525,503031,-254431,-293945
187764,-401544,505422,-251858,-293916
187872,-402967,496455,-242439,-294059
187980,-403108,488272,-250140,-294084
188088,-403169,492523,-252609,-294045
188196,-403144,483818,-253588,-293974
188304,-403251,477425,-254433,-293977
188412,-403228,481274,-254564,-294164
188520,-401435,486813,-254597,-294151
188628,-399162,484030,-254596,-293998
188736,-401381,485241,-254667,-294049
188844,-397770,495218,-254642,-294188
188952,-399425,469453,-254499,-294137
189060,-401680,470964,-254544,-294054
189168,-402025,478735,-254579,-294063
189276,-402822,490280,-254604,-294034
189384,-403093,497933,-254583,-294003
189492,-403046,495434,-254416,-293984
189600,-403063,485345,-254357,-293941
189708,-403204,479748,-254420,-294048
189816,-403197,475153,-254541,-294103
189924,-403246,470476,-254498,-294054
190032,-403151,470679,-254425,-294075
190140,-403152,474404,-254510,-294030
190248,-403117,481367,-254551,-293999
190356,-403088,491256,-254676,-294084
190464,-403091,492165,-254577,-294057
190572,-403134,491682,-254428,-294098
190680,-403205,491257,-254365,-294095
190788,-403240,493606,-253402,-294050
190896,-403217,495041,-247471,-294007
191004,-403186,489848,-248232,-294100
191112,-403265,482621,-249811,-294177
191220,-403254,476776,-253818,-294050
191328,-403127,482049,-254529,-294021
191436,-400994,494478,-254498,-294078
191544,-386071,503467,-254427,-294055
191652,-388544,496416,-254544,-294106
191760,-373613,483969,-254537,-294093
191868,-381762,471964,-254582,-294048
191976,-401225,484273,-254531,-294045
192084,-403126,485734,-254520,-293982
192192,-403049,485641,-254073,-294033
192300,-403180,480396,-249298,-294092
192408,-403265,477553,-249923,-294075
192516,-403262,472808,-250350,-294134
192624,-403145,474177,-250727,-294065
192732,-403186,472352,-254296,-294046
192840,-403039,477671,-254481,-294023
192948,-399026,483564,-254438,-293990
193056,-395437,480005,-254693,-293935
193164,-397748,474444,-254616,-293964
193272,-395453,475173,-254619,-294091
193380,-399868,480368,-254566,-294144
193488,-402741,486485,-253449,-294003
193596,-403214,484974,-243468,-294072
193704,-403173,476857,-247087,-294077
193812,-403090,473942,-254192,-294064
193920,-403257,470075,-254457,-294011
194028,-403152,471574,-254524,-294012
194136,-403129,475921,-254683,-293973
194244,-400406,479180,-254552,-294082
194352,-391417,478681,-254445,-294043
194460,-399622,471448,-254514,-294030
194568,-401847,466155,-254473,-294039
194676,-401886,468204,-254426,-294074
194784,-402893,477521,-254425,-294125
194892,-402912,486226,-254108,-294208
195000,-402983,490707,-244653,-294067
195108,-403100,483480,-243146,-294056
195216,-403221,478159,-253711,-294085
195324,-403196,473574,-254578,-294050
195432,-403149,475229,-254601,-294011
195540,-399632,487146,-254636,-294012
195648,-384025,494367,-254499,-293999
195756,-395034,487216,-254478,-294118
195864,-397503,501693,-252599,-294067
195972,-401622,508578,-234814,-293930
196080,-403243,496589,-237655,-293939
196188,-403228,491660,-249322,-293876
196296,-403125,479021,-253985,-293907
196404,-403170,480842,-254390,-293938
196512,-392363,488919,-254503,-294011
196620,-387138,486400,-254518,-294126
196728,-376841,475581,-254599,-294011
196836,-379598,474400,-254576,-293932
196944,-400433,471463,-254559,-294043
197052,-403022,481098,-254508,-294078
197160,-403079,489099,-253793,-294041
197268,-403122,469992,-251906,-294078
197376,-403141,463877,-253585,-294059
197484,-403178,466300,-254434,-294038
197592,-403209,470457,-254467,-293999
197700,-403174,473630,-254482,-294046
197808,-403205,471359,-254363,-294013
197916,-403276,471930,-254344,-294018
198024,-403177,476829,-254435,-294029
198132,-403130,482000,-254414,-294068
198240,-403099,483973,-254527,-294037
198348,-402984,485110,-254592,-294072
198456,-402989,490801,-250853,-294041
198564,-403038,489054,-250210,-294020
198672,-403119,487249,-253763,-294095
198780,-403176,486666,-254086,-294068
198888,-403191,487885,-254429,-294051
198996,-403156,493070,-254548,-293976
199104,-393925,499183,-254513,-293901
199212,-393640,494822,-254496,-293918
199320,-398317,493485,-254507,-294035
199428,-400080,494592,-254436,-294050
199536,-402805,504761,-252519,-294043
199644,-403126,504436,-239654,-294090
199752,-403117,491703,-243221,-294037
199860,-403240,492296,-253348,-294046
199968,-403291,482343,-254441,-294087
200076,-403126,496064,-254460,-294042
200184,-395335,497317,-254489,-294085
200292,-385020,487814,-254544,-294130
200400,-375471,483415,-254447,-294135
200508,-394390,477544,-254404,-294092
200616,-402915,487231,-254483,-294095
200724,-403296,490724,-254500,-294126
200832,-403393,484351,-251249,-294023
200940,-403410,471506,-249588,-293920
